0,1,2,3,4,5
The Effect of Derivative Instruments in  the Consolidated Statement of Earnings, , , , , 
"For the three months ended September 30,  2013 and 2012", , , , , 
Dollars�in�millions,Gain Loss Recognized in  Earnings, , , , 
Consolidated, , , , , 
Statement of,Recognized on,Attributable to Risk, , , 
Earnings Line Item,Derivatives1,Being Hedged2, , , 
For the three months ended September 30:,2013,2012.0,2013.0,2012.0, 
Derivative instruments in fair value hedges:, , , , , 
Interest  rate contracts,Cost  of financing,$5,$13.0,$19.0,$19.0
Interest  expense,3.0,11.0,12.0,16.0, 
Derivative instruments not designated as, , , , , 
hedging instruments1:, , , , , 
Foreign  exchange contracts,Other  income, , , , 
and  expense,254.0,148.0, , , 
Equity  contracts,SG&A  expense,46,54.0, , 
Total,$308,$226.0,$31.0,$35.0, 
