0,1,2,3,4,5
The Effect of Derivative Instruments in  the Consolidated Statement of Earnings, , , , , 
"For the nine months ended September 30,  2013 and 2012", , , , , 
Dollars�in�millions,Gain Loss Recognized in  Earnings, , , , 
Consolidated, , , , , 
Statement of,Recognized on,Attributable to Risk, , , 
Earnings Line Item,Derivatives1,Being Hedged2, , , 
For the nine months ended September 30:,2013,2012.0,2013.0,2012.0, 
Derivative instruments in fair value hedges:, , , , , 
Interest  rate contracts,Cost  of financing,$82,$68.0,$156.0,$27.0
Interest  expense,53,58,101.0,23.0, 
Derivative instruments not designated as, , , , , 
hedging instruments1:, , , , , 
Foreign  exchange contracts,Other  income, , , , 
and  expense,265,56, , , 
Equity  contracts,SG&A  expense,105,116.0, , 
Total,$295,$186.0,$257.0,$50.0, 
