0,1,2
 ,"At September 30,","At December 31,"
 ,Dollars in millions,2013
Current:, , 
Net  investment in sales-type and direct financing leases,$4078,$3862.0
Commercial  financing receivables,6278,7750.0
Client  loan receivables,5218,5395.0
Installment  payment receivables,1212,1031.0
Total,$16786,$18038.0
Noncurrent:, , 
Net  investment in sales-type and direct financing leases,$5454,$6107.0
Commercial  financing receivables,�,5.0
Client  loan receivables,5555,5966.0
Installment  payment receivables,666,733.0
Total,$11675,$12812.0
