0,1,2,3,4
"At September 30, 2013","At December 31, 2012", , , 
Recorded,Related,Recorded,Related, 
Dollars in  millions,Investment,Allowance,Investment,Allowance
Major markets,$74.0,$68,$88.0,$77.0
Growth markets,109.0,102,72.0,65.0
Total,$183.0,$170,$160.0,$143.0
Interest, , , , 
Average,Interest,Income, , 
Dollars in  millions,Recorded,Income,Recognized on, 
"For the three  months ended September 30, 2013:",Investment,Recognized,Cash Basis, 
Major markets,$73.0,$0,$0.0, 
Growth markets,102.0,0,0.0, 
Total,$174.0,$0,$0.0, 
Interest, , , , 
Average,Interest,Income, , 
Dollars in  millions,Recorded,Income,Recognized on, 
"For the three  months ended September 30, 2012:",Investment,Recognized,Cash Basis, 
Major markets,$84.0,$0,$0.0, 
Growth markets,63.0,0,0.0, 
Total,$147.0,$0,$0.0, 
