0,1,2,3,4
Recorded, , , , 
Total,Total,Investment, , 
Dollars in millions,Past Due,Financing,> 90 Days, 
"At September 30, 2013:",> 90 days*,Current,Receivables,and Accruing
Major  markets,$9.0,$6696,$6705,$9.0
Growth  markets,16.0,2089,2104,11.0
Total  lease receivables,$25.0,$8785,$8809,$20.0
Major  markets,$15.0,$9027,$9042,$14.0
Growth  markets,29.0,3801,3830,10.0
Total  loan receivables,$43.0,$12828,$12871,$24.0
Total,$68.0,$21612,$21681,$44.0
* Does not include accounts that are fully reserved., , , , 
