0,1,2,3,4
Recorded, , , , 
Total,Total,Investment, , 
Dollars in millions,Past Due,Financing,> 90 Days, 
"At December 31, 2012:",> 90 days*,Current,Receivables,and Accruing
Major  markets,$8.0,$7028,$7036,$5.0
Growth  markets,11.0,2127,2138,8.0
Total  lease receivables,$20.0,$9154,$9174,$13.0
Major  markets,$27.0,$9639,$9666,$8.0
Growth  markets,36.0,3634,3670,31.0
Total  loan receivables,$63.0,$13273,$13336,$39.0
Total,$82.0,$22428,$22510,$52.0
* Does not include accounts that are fully reserved., , , , 
