0,1,2,3
Reclassifications  and Taxes Related to Items of Other Comprehensive Income, , , 
Dollars in millions,Before Tax,Tax Expense/,Net of Tax
"For the three months ended September 30, 2013:",Amount,Benefit,Amount
Other  comprehensive income/loss:, , , 
Foreign  currency translation adjustments,$382,$86,$468
Net  changes related to available-for-sale securities:, , , 
Unrealized  gains/losses arising during the period,$3,$1,$1
Reclassification  of gains/losses to other income and expense,5,2,3
Subsequent  changes in previously impaired securities arising during, , , 
the period,1,0,1
Total  net changes related to available-for-sale securities,$1,$0,$1
Unrealized  gains/losses on cash flow hedges:, , , 
Unrealized  gains/losses arising during the period,$409,$144,$265
Reclassification  of gains/losses to:, , , 
Cost of sales,17,7,10
SG&A expense,13,5,9
Other income and expense,30,12,19
Interest expense,0,0,0
Total  unrealized gains/losses on cash flow hedges,$436,$153,$282
Retirement-related  benefit plans1:, , , 
Prior  service costs/credits,$0,$0,$0
Net  losses/gains arising during the period,105,36,68
Curtailments  and settlements,0,0,0
Amortization  of prior service credits/costs,28,10,18
Amortization  of net gains/losses,872,304,568
Total  retirement-related benefit plans,$949,$331,$618
Other  comprehensive income/loss,$895,$91,$804
"1 These AOCI components are included in the computation  of net periodic pension cost. See note 8, ""Retirement-Related  Benefits,"" on", , , 
pages 32 to 34 for  additional information., , , 
