0,1,2,3
Reclassifications  and Taxes Related to Items of Other Comprehensive Income, , , 
Dollars in millions,Before Tax,Tax Expense/,Net of Tax
"For the three months ended September 30, 2012:",Amount,Benefit,Amount
Other  comprehensive income/loss:, , , 
Foreign  currency translation adjustments,$501,$56,$557
Net  changes related to available-for-sale securities:, , , 
Unrealized  gains/losses arising during the period,$11,$4,$6
Reclassification  of gains/losses to other income and expense,27,11,17
Subsequent  changes in previously impaired securities arising during, , , 
the period,7,3,4
Total  net changes related to available-for-sale securities,$24,$9,$15
Unrealized  gains/losses on cash flow hedges:, , , 
Unrealized  gains/losses arising during the period,$54,$10,$43
Reclassification  of gains/losses to:, , , 
Cost of sales,6,1,7
SG&A expense,5,1,4
Other income and expense,103,40,63
Interest expense,2,1,1
Total  unrealized gains/losses on cash flow hedges,$165,$50,$116
Retirement-related  benefit plans1:, , , 
Prior  service costs/credits,$0,$0,$0
Net  losses/gains arising during the period,1,1,0
Curtailments  and settlements,2,1,1
Amortization  of prior service credits/costs,37,15,23
Amortization  of net gains/losses,613,238,375
Total  retirement-related benefit plans,$575,$224,$351
Other  comprehensive income/loss,$887,$109,$778
"1 These AOCI components are included in the computation  of net periodic pension cost. See note 8, ""Retirement-Related  Benefits,"" on", , , 
pages 32 to 34 for additional information., , , 
