0,1,2,3
Amortization,Other, , 
Dollars in millions,Life in yrs.,SoftLayer,Acquisitions
Current  assets,$80,$70, 
Fixed  assets/noncurrent assets,301,18, 
Intangible  assets:, , , 
Goodwill,1284.0,551, 
Completed  technology,5-7,290.0,126
Client  relationships,7,245.0,59
In-Process  R&D,2.0,�, 
Patents/trademarks,2-7,75.0,22
Total  assets acquired,2277,846, 
Current  liabilities,56,20, 
Noncurrent  liabilities,244,69, 
Total  liabilities assumed,300,89, 
Total  purchase price,$1977,$757, 
N/A - not applicable, , , 
