0,1,2,3,4
The following table presents each reportable  segment�s pre-tax income as a percentage of total segment pre-tax income., , , , 
Three Months Ended,Nine Months Ended, , , 
"September 30,","September 30,", , , 
2013,2012,2013,2012.0, 
Global  Technology Services,34.0,31.5,33.3,31.6
Global  Business Services,17.0,13.7,15.2,13.7
Total  Global Services,51.0,45.2,48.4,45.2
Software,43.2,43.7,45.8,43.4
Systems  and Technology,3.0,2.3,4.8,1.6
Global  Financing,8.8,8.8,10.5,9.7
Total,100.0,100.0,100.0,100.0
