0,1,2,3,4
Yr. to Yr., , , , 
Percent, , , , 
Yr. to Yr.,Change, , , 
Dollars�in�millions,Percent,Adjusted For, , 
For the three months ended September 30:,2013,2012.0,Change,Currency
Global  Services external revenue:,$14052,$14463,2.8,0.6
Global  Technology Services,$9494.0,$9922.0,4.3,1.1
Outsourcing,5377,5729,6.1,2.8
Integrated  Technology Services,2353,2384,1.3,1.8
Maintenance,1764,1808,2.4,0.3
Global  Business Services,$4558.0,$4542.0,0.4,4.5
Outsourcing,1016,1037,2.0,2.9
Consulting  and Systems Integration,3542,3505,1.1,5.0
