0,1,2
Dollars in millions, , 
For the nine months ended September 30:,2013,2012.0
Net  cash from operating activities per GAAP:,$10957,$13240
Less:  the change in Global Financing receivables,1628,1245
"Net  cash from operating activities, excluding Global Financing receivables",9329,11995
"Capital expenditures, net","2,709","3,326"
Free  cash flow,6620,8670
Acquisitions,"2,562","2,266"
Divestitures,247,587
Share repurchase,"8,062","8,988"
Dividends,"3,033","2,816"
Non-Global Financing debt,1556,2284
Other includes Global Financing receivables and Global Financing debt,4337,2861
"Change  in cash, cash equivalents and short-term marketable securities",$897,$331
