0,1,2,3,4
Three Months Ended,Nine Months Ended, , , 
"September 30,","September 30,", , , 
Dollars in millions,2013,2012.0,2013,2012.0
External  revenue,$502.0,$472.0,$1488.0,$1478.0
Internal  revenue,512.0,491.0,1628.0,1492.0
Total  revenue,1015.0,963.0,3116.0,2970.0
Cost,361.0,322.0,1026.0,980.0
Gross  profit,$653.0,$642.0,$2090.0,$1990.0
Gross  profit margin,64.4,66.6,67.1,67.0
Pre-tax  income,$494.0,$476.0,$1582.0,$1516.0
After-tax  income*,$333.0,$319.0,$1066.0,$1016.0
Return  on equity*,37.6,39.3,40.3,41.3
* See page 80 for the details of the after-tax income and  the return on equity calculation., , , , 
