0,1,2
 ,"At September 30,","At December 31,"
 ,Dollars in millions,2013
 ,Cash  and cash equivalents,$1452.0
 ,Net  investment in sales-type and direct financing leases,9568.0
Equipment  under operating leases:, , 
External clients a,1032.0,1273.0
Internal clients b c,0.0,25.0
Client  loans,12649.0,13121.0
Total  client financing assets,23249.0,24428.0
Commercial  financing receivables,6278.0,7755.0
Intercompany  financing receivables b c,4061.0,4328.0
Other  receivables,366.0,459.0
Other  assets,699.0,533.0
Total  assets,$36105.0,$38882.0
Intercompany  payables b,$3011.0,$6802.0
Debt  d,25824.0,24501.0
Other  liabilities,3639.0,4084.0
Total  liabilities,32475.0,35388.0
Total  equity,3631.0,3494.0
Total  liabilities and equity,$36105.0,$38882.0
