0,1,2,3,4,5,6
Unguaranteed Residual Value, , , , , , 
Estimated Run Out of, , , , , , 
At,At,"September 30, 2013  Balance", , , , 
"January 1,","September 30,",2016 and, , , , 
Dollars in millions,2013,2013,2013,2014,2015,Beyond
Sales-type  and direct financing, , , , , , 
leases,$794,$734,$47.0,$164.0,$207.0,$316.0
Operating  leases,259,208,35.0,76.0,53.0,44.0
Total  unguaranteed residual, , , , , , 
value,$1053,$942,$82.0,$240.0,$260.0,$360.0
Related  original amount, , , , , , 
financed,$18744,$17528, , , , 
Percentage,5.6,5.4, , , , 
