0,1,2,3,4,5,6
Dollars in millions except per share amounts,Acquisition-related,Retirement-related,Operating, , , 
"For the three months ended September 30, 2012",GAAP,adjustments,adjustments,Non-GAAP, , 
Gross  profit,$11732,$95,$67,$11894, , 
Gross  profit margin,47.4,0.4,pts.,0.3,pts.,48.1
"S,G&A",$5908,$88,$196,$5625, , 
"R,D&E",1534,0,5,1539, , 
Other  income and expense,606,5,0,611, , 
Total  expense and other income,6657,92,191,6374, , 
Pre-tax  income,5074,188,258,5520, , 
Pre-tax  income margin,20.5,0.8,pts.,1.0,pts.,22.3
Provision  for income taxes*,$1251,$47,$67,$1364, , 
Effective  tax rate,24.6,0.0,pts.,0.1,pts.,24.7
Net  income,$3824,$141,$191,$4155, , 
Net  income margin,15.5,0.6,pts.,0.8,pts.,16.8
Diluted  earnings per share,$3.33,$0.12,$0.17,$3.62, , 
* The tax impact on operating non-GAAP pre-tax income  is calculated under the same accounting principles applied to the GAAP, , , , , , 
pre-tax income which employs an annual effective tax  rate method to the results., , , , , , 
