0,1,2,3,4
Total Number,Approximate, , , 
of Shares,Dollar Value, , , 
Purchased as,of Shares that, , , 
Total Number,Average,Part of Publicly,May Yet Be, 
of Shares,Price Paid,Announced,Purchased Under, 
Period,Purchased,per Share,Program,The Program*
"July  1, 2013 - July 31, 2013",4263207,$194.43,4263207,$6828768788
"August  1, 2013 - August 31, 2013",3232800.0,$187.25,3232800.0,$6223411517.0
"September  1, 2013 - September 30, 2013",3040200,$188.99,3040200,$5648842668
Total,10536207.0,$190.66,10536207.0, 
